X坐標,Y坐標,原地址,結果地址,說明
251220.970,2745859.940,新竹縣竹北市科大一路286號,新竹縣竹北市斗崙里2鄰科大一路286號,[新竹縣]	 { 完全比對 } 找到符合的門牌地址
302429.217,2778043.860,臺北市北投區明德路115號1樓,臺北市北投區裕民里2鄰明德路115號,[臺北市]	 { 完全比對 } 找到符合的門牌地址
178907.348,2517155.329,高雄市橋頭區隆豐路223號,高雄市橋頭區仕隆里24鄰隆豐路223號,[高雄市]	 { 完全比對 } 找到符合的門牌地址
196918.790,2620077.680,雲林縣斗南鎮西歧里建國一路55號,雲林縣斗南鎮西岐里8鄰建國一路55號,[雲林縣]	 { 模糊比對 } (斗南鎮)	找到符合的[鄉鎮市區]，(西歧里)	找不到符合的[村里]，進行轉換搜尋[村變成里，里變成村]，轉換搜尋找不到進行[忽略村里]，(建國一路)	找到符合的[路街名]，(55號)	找到符合的[門牌號碼]，模糊比對找到 1 筆符合的門牌地址。
279048.917,2764662.847,桃園市中山路928號,桃園市桃園區中信里20鄰中山路928號,[桃園市]	 { 完全比對 } 找到符合的門牌地址
220458.300,2682684.940,豐原區圓環南路235號,臺中市豐原區西安里16鄰圓環南路235號,[臺中市]	 { 完全比對 } 找到符合的門牌地址
282171.723,2581106.383,花蓮縣玉里鎮和平路60號,花蓮縣玉里鎮國武里10鄰和平路60號,[花蓮縣]	 { 完全比對 } 找到符合的門牌地址
326654.610,2780138.090,基隆市東明路159號,基隆市信義區禮儀里17鄰東明路159號,[基隆市]	 { 完全比對 } 找到符合的門牌地址
296653.738,2780908.010,新北市淡水區民族路33巷16-19號1樓,新北市淡水區竹圍里7鄰民族路33巷16之19號,[新北市]	 { 模糊比對 } (淡水區)	找到符合的[鄉鎮市區]，(民族路)	找到符合的[路街名]，(33巷)	找到符合的[巷]，(16-19號)	找到符合的[門牌號碼]，模糊比對找到 1 筆符合的門牌地址。
213898.188,2673422.146,台中市西屯區台灣大道三段292號,臺中市西屯區惠來里1鄰臺灣大道三段292號,[臺中市]	 { 完全比對 } 找到符合的門牌地址
178643.795,2498951.305,高雄市前鎮區鎮北里前鎮街101號,高雄市前鎮區鎮北里2鄰前鎮街101號,[高雄市]	 { 完全比對 } 找到符合的門牌地址
203885.090,2622756.430,雲林縣斗六市永安路110號,雲林縣斗六市仁愛里5鄰永安路110號,[雲林縣]	 { 完全比對 } 找到符合的門牌地址
181433.020,2501431.050,高雄市鳳山區武慶二路74號,高雄市鳳山區武漢里28鄰武慶二路74號,[高雄市]	 { 完全比對 } 找到符合的門牌地址
245902.960,2745119.710,新竹市竹光路98號,新竹市北區文雅里18鄰竹光路98號,[新竹市]	 { 完全比對 } 找到符合的門牌地址
299791.897,2775614.851,新北市三重區集賢路40號及42號1樓,新北市三重區富貴里21鄰集賢路40號,[新北市]	 { 完全比對 } 找到符合的門牌地址
167357.900,2546218.250,臺南市北區文賢路1086號,臺南市北區文元里11鄰文賢路1086號,[臺南市]	 { 完全比對 } 找到符合的門牌地址
306421.995,2769987.972,臺北市信義區仁愛路4段452巷8號1樓,臺北市信義區正和里10鄰仁愛路四段452巷8號,[臺北市]	 { 完全比對 } 找到符合的門牌地址
173433.990,2564941.500,台南市麻豆區保安里8鄰文昌路17-5號,臺南市麻豆區保安里8鄰文昌路17號之5,[臺南市]	 { 模糊比對 } (麻豆區)	找到符合的[鄉鎮市區]，(保安里)	找到符合的[村里]，(文昌路)	找到符合的[路街名]，(17-5號)	找到符合的[門牌號碼]，模糊比對找到 1 筆符合的門牌地址。
282180.218,2767108.892,桃園市大有路445號1樓,桃園市桃園區大有里8鄰大有路445號,[桃園市]	 { 完全比對 } 找到符合的門牌地址
304485.060,2761724.887,新北市新店區光明街157號1樓,新北市新店區文明里17鄰光明街157號,[新北市]	 { 完全比對 } 找到符合的門牌地址
306201.923,2769097.907,臺北市大安區基隆路2段124號,臺北市大安區臨江里14鄰基隆路二段124號,[臺北市]	 { 完全比對 } 找到符合的門牌地址
304635.317,2761994.743,新北市新店區 中興里檳榔路9號,新北市新店區中興里1鄰檳榔路9號,[新北市]	 { 完全比對 } 找到符合的門牌地址
177828.336,2507364.314,高雄市鼓山區文忠路135號,高雄市鼓山區明誠里36鄰文忠路135號,[高雄市]	 { 完全比對 } 找到符合的門牌地址
311950.502,2771799.169,臺北市南港區忠孝東路7段571號1樓,臺北市南港區中南里24鄰忠孝東路七段571號,[臺北市]	 { 完全比對 } 找到符合的門牌地址
324879.706,2780102.043,基隆市仁四路17之1 號,基隆市仁愛區博愛里6鄰仁四路17之1號,[基隆市]	 { 完全比對 } 找到符合的門牌地址
273074.394,2761877.883,中壢市環北路562號,桃園市中壢區幸福里1鄰環北路562號,[桃園市]	 { 模糊比對 } (中壢市)	找不到符合的[鄉鎮市區]，進行轉換搜尋[鄉變成鎮]，進行轉換搜尋[鎮變成市]，進行轉換搜尋[市變成區]，轉換搜尋找到符合的[鄉鎮市區]，(環北路)	找到符合的[路街名]，(562號)	找到符合的[門牌號碼]，模糊比對找到 1 筆符合的門牌地址。
169909.860,2544953.640,台南市勝利路391號,臺南市北區中樓里19鄰勝利路391號,[臺南市]	 { 完全比對 } 找到符合的門牌地址
215640.433,2673146.368,臺中市西屯區太原路一段211號,臺中市西屯區何明里19鄰太原路一段211號,[臺中市]	 { 完全比對 } 找到符合的門牌地址
192184.090,2623058.660,雲林縣虎尾鎮院前街18號,雲林縣虎尾鎮公安里7鄰院前街18號,[雲林縣]	 { 完全比對 } 找到符合的門牌地址
237825.212,2731890.740,竹南鎮光復路436號,苗栗縣竹南鎮佳興里4鄰光復路436號,[苗栗縣]	 { 完全比對 } 找到符合的門牌地址
217958.296,2672939.858,臺中市北區德化街227號,臺中市北區建興里20鄰德化街227號,[臺中市]	 { 完全比對 } 找到符合的門牌地址
272546.913,2761784.594,桃園市中壢區新生路286號,桃園市中壢區金華里5鄰新生路286號,[桃園市]	 { 完全比對 } 找到符合的門牌地址
313942.173,2773825.676,新北市汐止區明峰街39號1樓、B1,新北市汐止區湖光里12鄰明峰街39號,[新北市]	 { 完全比對 } 找到符合的門牌地址
275698.686,2762650.385,桃園市中壢區中華路一段426號,桃園市中壢區中原里8鄰中華路一段426號,[桃園市]	 { 完全比對 } 找到符合的門牌地址
285229.676,2760950.393,新北市鶯歌區光明街24號,新北市鶯歌區建國里2鄰光明街24號,[新北市]	 { 完全比對 } 找到符合的門牌地址
178529.361,2503990.923,高雄市新興區七賢一路462號,高雄市新興區新江里1鄰七賢一路462號,[高雄市]	 { 完全比對 } 找到符合的門牌地址
270901.378,2761646.033,桃園市中正路836號,桃園市中壢區三民里14鄰中正路836號,[桃園市]	 { 模糊比對 } (中正路)	找到符合的[路街名]，(836號)	找到符合的[門牌號碼]，進行[雙號過濾]，模糊比對找到 2 筆符合的門牌地址。( 限制回傳 1 筆門牌地址 )
198702.620,2519759.810,屏東縣里港鄉鐵店路34-13號,屏東縣里港鄉鐵店村3鄰鐵店路34之13號,[屏東縣]	 { 模糊比對 } (里港鄉)	找到符合的[鄉鎮市區]，(鐵店路)	找到符合的[路街名]，(34-13號)	找到符合的[門牌號碼]，模糊比對找到 1 筆符合的門牌地址。
168429.660,2542955.210,台南市南門路179-4號,臺南市中西區郡王里10鄰南門路179號之4,[臺南市]	 { 模糊比對 } (南門路)	找到符合的[路街名]，(179-4號)	找到符合的[門牌號碼]，模糊比對找到 1 筆符合的門牌地址。
214144.188,2671582.441,臺中市南屯區文心路一段372號,臺中市南屯區惠中里3鄰文心路一段372號,[臺中市]	 { 完全比對 } 找到符合的門牌地址
192119.400,2604154.590,嘉義縣民雄鄉建國路2段185-13號,嘉義縣民雄鄉文隆村16鄰建國路二段185號之13,[嘉義縣]	 { 模糊比對 } (民雄鄉)	找到符合的[鄉鎮市區]，(建國路)	找到符合的[路街名]，(2段)	找到符合的[路段]，(185-13號)	找到符合的[門牌號碼]，模糊比對找到 1 筆符合的門牌地址。
293196.985,2764329.243,新北市板橋區篤行路三段64號1樓,新北市板橋區溪福里27鄰篤行路三段64號,[新北市]	 { 完全比對 } 找到符合的門牌地址
309503.911,2774763.348,臺北市內湖區成功路3段150號1樓,臺北市內湖區湖濱里31鄰成功路三段150號,[臺北市]	 { 完全比對 } 找到符合的門牌地址
301612.100,2778495.706,臺北市北投區石牌路1段95號1樓,臺北市北投區吉慶里15鄰石牌路一段95號,[臺北市]	 { 完全比對 } 找到符合的門牌地址
213731.729,2669824.038,臺中市南屯區豐樂里20鄰文心南三路691號,臺中市南屯區豐樂里20鄰文心南三路691號,[臺中市]	 { 完全比對 } 找到符合的門牌地址
176933.744,2513542.203,高雄市楠梓區德民路970號,高雄市楠梓區國昌里21鄰德民路970號,[高雄市]	 { 完全比對 } 找到符合的門牌地址
217683.080,2709051.298,通霄鎮福德路5號,苗栗縣通霄鎮通東里14鄰福德路5號,[苗栗縣]	 { 完全比對 } 找到符合的門牌地址
207701.380,2675076.800,台中市龍井區遊園南路277號,臺中市龍井區新東里21鄰遊園南路277號,[臺中市]	 { 完全比對 } 找到符合的門牌地址
306269.782,2772129.593,臺北市松山區延壽街390號1樓,臺北市松山區龍田里7鄰延壽街390號,[臺北市]	 { 完全比對 } 找到符合的門牌地址
301321.600,2772184.087,臺北市大同區民生西路247、249號1、2樓,臺北市大同區大有里16鄰民生西路425之1號,[臺北市]	 { 模糊比對 } (大同區)	找到符合的[鄉鎮市區]，(民生西路)	找到符合的[路街名]，(247249號)	進行[單號過濾]，進行[找小於且最接近的門牌號碼]，找到小於輸入的門牌號碼 -246824 號，進行[找最小門牌的號之、之號]，模糊比對找到 5 筆符合的門牌地址。( 限制回傳 1 筆門牌地址 )
218565.410,2665180.370,台中市大里區仁化路770號,臺中市大里區東湖里33鄰仁化路770號,[臺中市]	 { 完全比對 } 找到符合的門牌地址
206213.910,2651392.870,彰化縣員林鎮中山路2段277巷49號,彰化縣員林鎮和平里24鄰中山路二段277巷49號,[彰化縣]	 { 完全比對 } 找到符合的門牌地址
331068.958,2778096.198,新北市瑞芳區一坑路32-3號1樓,新北市瑞芳區龍川里1鄰一坑路32之3號,[新北市]	 { 模糊比對 } (瑞芳區)	找到符合的[鄉鎮市區]，(一坑路)	找到符合的[路街名]，(32-3號)	找到符合的[門牌號碼]，模糊比對找到 1 筆符合的門牌地址。
303396.888,2772322.338,臺北市中山區民生東路2段45號1樓及2樓,臺北市中山區中庄里6鄰民生東路二段45號,[臺北市]	 { 完全比對 } 找到符合的門牌地址
168674.670,2546631.970,臺南市北區北安路1段271號,臺南市北區成德里21鄰北安路一段271號,[臺南市]	 { 完全比對 } 找到符合的門牌地址
304533.194,2772565.638,臺北市中山區錦州街371號1樓,臺北市中山區江寧里9鄰錦州街371號,[臺北市]	 { 完全比對 } 找到符合的門牌地址
301844.794,2773027.410,臺北市大同區重慶北路3段17號,臺北市大同區隆和里6鄰重慶北路三段17號,[臺北市]	 { 完全比對 } 找到符合的門牌地址
170442.460,2535453.500,台南市仁德區中正西路20號,臺南市仁德區二行里3鄰中正西路20號,[臺南市]	 { 完全比對 } 找到符合的門牌地址
302602.152,2769096.520,臺北市中正區羅斯福路2段7-4號,臺北市中正區新營里15鄰羅斯福路二段7之4號,[臺北市]	 { 模糊比對 } (中正區)	找到符合的[鄉鎮市區]，(羅斯福路)	找到符合的[路街名]，(2段)	找到符合的[路段]，(7-4號)	找到符合的[門牌號碼]，模糊比對找到 1 筆符合的門牌地址。
180342.435,2509581.432,高雄市左營區榮總路396號,高雄市左營區福山里22鄰榮總路396號,[高雄市]	 { 完全比對 } 找到符合的門牌地址
193089.610,2596485.863,嘉義市仁愛路236號,嘉義市西區培元里10鄰仁愛路236號,[嘉義市]	 { 完全比對 } 找到符合的門牌地址
302054.358,2769182.722,台北市中正區寧波西街88號1樓,臺北市中正區南福里18鄰寧波西街88號,[臺北市]	 { 完全比對 } 找到符合的門牌地址
178405.281,2506788.002,高雄市左營區博愛二路202號,高雄市左營區新上里35鄰博愛二路202號,[高雄市]	 { 完全比對 } 找到符合的門牌地址
182267.170,2508559.740,高雄市仁武區大灣里八德南路576號,高雄市仁武區大灣里6鄰八德南路576號,[高雄市]	 { 完全比對 } 找到符合的門牌地址
307459.190,2768505.485,臺北市信義區吳興街478號1樓,臺北市信義區惠安里20鄰吳興街478號,[臺北市]	 { 完全比對 } 找到符合的門牌地址
216411.000,2672676.568,臺中市北區健行路865號,臺中市北區淡溝里9鄰健行路865號,[臺中市]	 { 完全比對 } 找到符合的門牌地址
164310.460,2586450.740,嘉義縣布袋鎮興中里博愛1街,嘉義縣布袋鎮興中里10鄰永樂街1號,[嘉義縣]	 { 模糊比對 } (布袋鎮)	找到符合的[鄉鎮市區]，(興中里)	找到符合的[村里]，(博愛1街)	找不到符合的[路街名]，進行轉換搜尋[街變成路，路變成街]，進行轉換搜尋[路變成地區名]，轉換搜尋找不到符合的[路街名]，模糊比對找到 308 筆符合的門牌地址。( 限制回傳 1 筆門牌地址 )
304568.509,2765715.139,臺北市文山區羅斯福路6段89號1樓,臺北市文山區萬有里15鄰羅斯福路六段89號,[臺北市]	 { 完全比對 } 找到符合的門牌地址
232333.410,2710782.380,公館鄉通明街30號,苗栗縣公館鄉館中村17鄰通明街30號,[苗栗縣]	 { 完全比對 } 找到符合的門牌地址
216389.211,2670614.836,台中市西區五廊街63號,臺中市西區公民里14鄰五廊街63號,[臺中市]	 { 完全比對 } 找到符合的門牌地址
197025.425,2532432.459,高雄市旗山區延平一路351號,高雄市旗山區瑞吉里2鄰延平一路351號,[高雄市]	 { 完全比對 } 找到符合的門牌地址
303078.858,2768419.777,臺北市大安區羅斯福路3段65號3樓之1,臺北市大安區古莊里11鄰羅斯福路三段65號,[臺北市]	 { 完全比對 } 找到符合的門牌地址
199143.240,2508478.400,屏東市建豐路181號,屏東縣屏東市豐田里14鄰建豐路181號,[屏東縣]	 { 完全比對 } 找到符合的門牌地址
324143.298,2780523.492,基隆市成功二路171號1樓及地下一樓,基隆市中山區新建里13鄰成功二路171號,[基隆市]	 { 完全比對 } 找到符合的門牌地址
311161.301,2774144.996,臺北市內湖區成功路5段55號1樓,臺北市內湖區金湖里8鄰成功路五段55號,[臺北市]	 { 完全比對 } 找到符合的門牌地址
297512.267,2766321.556,中和區德光路29號,新北市中和區德穗里4鄰德光路29號,[新北市]	 { 完全比對 } 找到符合的門牌地址
203046.290,2622845.660,雲林縣斗六市雲林路一段82號,雲林縣斗六市光興里7鄰雲林路一段82號,[雲林縣]	 { 完全比對 } 找到符合的門牌地址
248126.760,2744807.300,新竹市民族路247號,新竹市東區三民里23鄰民族路247號,[新竹市]	 { 完全比對 } 找到符合的門牌地址
184039.691,2496757.676,高雄市小港區大鵬路166號,高雄市小港區宏亮里1鄰大鵬路166號,[高雄市]	 { 完全比對 } 找到符合的門牌地址
264841.930,2755867.140,楊梅鎮新成路109號,桃園市楊梅區楊梅里20鄰新成路109號,[桃園市]	 { 模糊比對 } (楊梅鎮)	找不到符合的[鄉鎮市區]，進行轉換搜尋[鄉變成鎮]，進行轉換搜尋[鎮變成市]，進行轉換搜尋[市變成區]，進行轉換搜尋[區變成市]，進行轉換搜尋[市變成鎮]，進行轉換搜尋[鎮變成鄉]，轉換搜尋找不到符合的[鄉鎮市區]，(新成路)	找到符合的[路街名]，(109號)	找到符合的[門牌號碼]，模糊比對找到 1 筆符合的門牌地址。
214378.647,2670553.445,台中市南屯區五權西路二段207號,臺中市南屯區同心里15鄰五權西路二段197號,[臺中市]	 { 模糊比對 } (南屯區)	找到符合的[鄉鎮市區]，(五權西路)	找到符合的[路街名]，(2段)	找到符合的[路段]，(207號)	進行[單號過濾]，進行[找大於且最接近的門牌號碼]，找到大於輸入的門牌號碼 +16 號，進行[找小於且最接近的門牌號碼]，找到小於輸入的門牌號碼 -10 號，模糊比對找到 2 筆符合的門牌地址。( 限制回傳 1 筆門牌地址 )
279495.816,2767466.568,桃園市寶慶里14鄰寶慶路286號,桃園市桃園區寶慶里14鄰寶慶路286號,[桃園市]	 { 完全比對 } 找到符合的門牌地址
174114.050,2544529.030,台南市永康區大灣路770-2號,臺南市永康區南灣里22鄰大灣路770號之2,[臺南市]	 { 模糊比對 } (永康區)	找到符合的[鄉鎮市區]，(大灣路)	找到符合的[路街名]，(770-2號)	找到符合的[門牌號碼]，模糊比對找到 1 筆符合的門牌地址。
187366.650,2599341.390,嘉義縣太保市中山路1段75號,嘉義縣太保市南新里11鄰中山路一段75號,[嘉義縣]	 { 完全比對 } 找到符合的門牌地址
169080.970,2546246.180,台南市西門路四段440號,臺南市北區正覺里2鄰西門路四段440號,[臺南市]	 { 完全比對 } 找到符合的門牌地址
167216.300,2546895.450,台南市安南區海佃路一段64號之1,臺南市安南區溪墘里28鄰海佃路一段64之1號,[臺南市]	 { 完全比對 } 找到符合的門牌地址
202055.260,2510313.500,屏東縣長治鄉崙上村光華巷68-5號,屏東縣長治鄉崙上村1鄰光華巷68之5號,[屏東縣]	 { 模糊比對 } (長治鄉)	找到符合的[鄉鎮市區]，(崙上村)	找到符合的[村里]，(光華巷)	找不到符合的[巷]，(光華巷)	找到符合的[地區]，(68-5號)	找到符合的[門牌號碼]，模糊比對找到 1 筆符合的門牌地址。
217161.485,2671126.534,臺中市中區中華里中華路一段112號,臺中市中區中華里24鄰中華路一段112號,[臺中市]	 { 完全比對 } 找到符合的門牌地址
302293.947,2767224.159,新北市永和區中興街107號1樓,新北市永和區中興里4鄰中興街107號,[新北市]	 { 完全比對 } 找到符合的門牌地址
245384.990,2743265.430,新竹市中華路4段32號,新竹市香山區頂埔里7鄰中華路四段32號,[新竹市]	 { 完全比對 } 找到符合的門牌地址
232218.894,2684134.086,東勢區新豐街34號,臺中市東勢區粵寧里17鄰新豐街34號,[臺中市]	 { 完全比對 } 找到符合的門牌地址
218055.035,2674657.412,臺中市北屯區崇德路二段281號,臺中市北屯區平陽里20鄰崇德路二段281號,[臺中市]	 { 完全比對 } 找到符合的門牌地址
178077.340,2505193.960,高雄市三民區十全二路99號,高雄市三民區民享里18鄰十全二路99號,[高雄市]	 { 完全比對 } 找到符合的門牌地址
301645.801,2765019.552,新北市中和區安樂路23號1樓,新北市中和區景平里15鄰安樂路23號,[新北市]	 { 完全比對 } 找到符合的門牌地址
300204.931,2765921.886,新北市中和區景平路591號1樓,新北市中和區連城里24鄰景平路591號,[新北市]	 { 完全比對 } 找到符合的門牌地址
215707.553,2671332.704,臺中市西區中興里1鄰向上路一段126號,臺中市西區中興里1鄰向上路一段126號,[臺中市]	 { 完全比對 } 找到符合的門牌地址
211198.850,2693374.220,大甲區新美里光明路281巷32號,臺中市大甲區新美里19鄰光明路281巷32號,[臺中市]	 { 完全比對 } 找到符合的門牌地址
176639.410,2540917.050,台南市歸仁區中山路3段146號,臺南市歸仁區南保里39鄰中山路三段146號,[臺南市]	 { 完全比對 } 找到符合的門牌地址
292435.828,2785874.889,淡水區沙崙路6號1樓,新北市淡水區大庄里3鄰沙崙路6號,[新北市]	 { 完全比對 } 找到符合的門牌地址
276103.540,2761955.276,桃園市中壢區環中東路110號,桃園市中壢區自治里20鄰環中東路110號,[桃園市]	 { 完全比對 } 找到符合的門牌地址
273913.735,2760949.428,桃園市中壢區中北路51號,桃園市中壢區普仁里10鄰中北路51號,[桃園市]	 { 完全比對 } 找到符合的門牌地址
301469.296,2765659.128,新北市中和區宜安路125號1樓,新北市中和區安平里2鄰宜安路125號,[新北市]	 { 完全比對 } 找到符合的門牌地址
307721.910,2652849.590,花蓮縣吉安鄉慶豐村吉安路二段320號,花蓮縣吉安鄉慶豐村24鄰吉安路二段320號,[花蓮縣]	 { 完全比對 } 找到符合的門牌地址
170288.170,2595775.220,嘉義縣東石鄉蔦松村10鄰湖底路20-39號,嘉義縣東石鄉蔦松村10鄰湖底20號之39,[嘉義縣]	 { 模糊比對 } (東石鄉)	找到符合的[鄉鎮市區]，(蔦松村)	找到符合的[村里]，(湖底路)	找不到符合的[路街名]，進行轉換搜尋[街變成路，路變成街]，進行轉換搜尋[路變成地區名]，轉換搜尋找不到符合的[路街名]，(20-39號)	找到符合的[門牌號碼]，模糊比對找到 1 筆符合的門牌地址。
303148.106,2769171.637,臺北市大安區金山南路2段139號1樓及地下1樓,臺北市大安區錦安里1鄰金山南路二段139號,[臺北市]	 { 完全比對 } 找到符合的門牌地址
279391.590,2771179.460,桃園市蘆竹區中正路337號,桃園市蘆竹區興榮里9鄰中正路337號,[桃園市]	 { 完全比對 } 找到符合的門牌地址
194023.935,2597446.860,嘉義市中正路334號,嘉義市東區中央里10鄰中正路334號,[嘉義市]	 { 完全比對 } 找到符合的門牌地址
168499.780,2545854.970,台南市北區和緯路2段231號,臺南市北區成德里26鄰和緯路二段231號,[臺南市]	 { 完全比對 } 找到符合的門牌地址
304488.447,2764009.826,新北市新店區民權路48號6樓,新北市新店區復興里8鄰民權路48號,[新北市]	 { 完全比對 } 找到符合的門牌地址
308078.017,2770409.589,臺北市信義區忠孝東路5段424號1樓,臺北市信義區廣居里6鄰忠孝東路五段424號,[臺北市]	 { 完全比對 } 找到符合的門牌地址
207660.750,2650032.640,彰化縣員林鎮萬年里(巷)50弄A21號,彰化縣員林鎮萬年里14鄰員水路二段217巷21號,[彰化縣]	 { 模糊比對 } (員林鎮)	找到符合的[鄉鎮市區]，(萬年里)	找到符合的[村里]，((巷)	找不到符合的[巷]，()50弄)	找不到符合的[弄]，(A)	找不到符合的[地區]，轉換搜尋找不到符合的[地區]，(21號)	找到符合的[門牌號碼]，進行[單號過濾]，模糊比對找到 15 筆符合的門牌地址。( 限制回傳 1 筆門牌地址 )
179498.003,2501207.837,高雄市前鎮區一心一路275號,高雄市前鎮區民權里9鄰一心一路275號,[高雄市]	 { 完全比對 } 找到符合的門牌地址
181446.689,2505175.932,高雄市三民區大豐二路290號,高雄市三民區寶泰里17鄰大豐二路290號,[高雄市]	 { 完全比對 } 找到符合的門牌地址
327265.171,2729876.131,宜蘭縣羅東鎮純精路一段223號,宜蘭縣羅東鎮漢民里16鄰純精路一段223號,[宜蘭縣]	 { 完全比對 } 找到符合的門牌地址
302179.132,2765773.031,永和區中正路185號2樓,新北市永和區潭安里3鄰中正路185號,[新北市]	 { 完全比對 } 找到符合的門牌地址
280487.140,2769683.330,嘉義西區民生北路143號,桃園市龜山區南上里5鄰民生北路一段135號,[臺中市]	 { 模糊比對 } (嘉義西區)	找不到符合的[鄉鎮市區]，進行轉換搜尋[鄉變成鎮]，進行轉換搜尋[鎮變成市]，進行轉換搜尋[市變成區]，進行轉換搜尋[區變成市]，進行轉換搜尋[市變成鎮]，進行轉換搜尋[鎮變成鄉]，轉換搜尋找不到符合的[鄉鎮市區]，(民生北路)	找到符合的[路街名]，(143號)	進行[單號過濾]，進行[找大於且最接近的門牌號碼]，找到大於輸入的門牌號碼 +4 號，進行[找小於且最接近的門牌號碼]，找到小於輸入的門牌號碼 -6 號，模糊比對找到 2 筆符合的門牌地址。[桃園市]	 { 模糊比對 } (嘉義西區)	找不到符合的[鄉鎮市區]，進行轉換搜尋[鄉變成鎮]，進行轉換搜尋[鎮變成市]，進行轉換搜尋[市變成區]，進行轉換搜尋[區變成市]，進行轉換搜尋[市變成鎮]，進行轉換搜尋[鎮變成鄉]，轉換搜尋找不到符合的[鄉鎮市區]，(民生北路)	找到符合的[路街名]，(143號)	進行[單號過濾]，進行[找大於且最接近的門牌號碼]，找到大於輸入的門牌號碼 +26 號，進行[找小於且最接近的門牌號碼]，找到小於輸入的門牌號碼 -8 號，模糊比對找到 2 筆符合的門牌地址。[嘉義市]	 { 模糊比對 } (嘉義西區)	找不到符合的[鄉鎮市區]，進行轉換搜尋[鄉變成鎮]，進行轉換搜尋[鎮變成市]，進行轉換搜尋[市變成區]，進行轉換搜尋[區變成市]，進行轉換搜尋[市變成鎮]，進行轉換搜尋[鎮變成鄉]，轉換搜尋找不到符合的[鄉鎮市區]，(民生北路)	找到符合的[路街名]，(143號)	找到符合的[門牌號碼]，模糊比對找到 1 筆符合的門牌地址。[嘉義縣]	 { 模糊比對 } (嘉義西區)	找不到符合的[鄉鎮市區]，進行轉換搜尋[鄉變成鎮]，進行轉換搜尋[鎮變成市]，進行轉換搜尋[市變成區]，進行轉換搜尋[區變成市]，進行轉換搜尋[市變成鎮]，進行轉換搜尋[鎮變成鄉]，轉換搜尋找不到符合的[鄉鎮市區]，(民生北路)	找到符合的[路街名]，(143號)	進行[單號過濾]，模糊比對找到 1 筆符合的門牌地址。( 限制回傳 1 筆門牌地址 )
218847.720,2665049.580,大里區中興路1段316-5號,臺中市大里區金城里21鄰中興路一段316之5號,[臺中市]	 { 模糊比對 } (大里區)	找到符合的[鄉鎮市區]，(中興路)	找到符合的[路街名]，(1段)	找到符合的[路段]，(316-5號)	找到符合的[門牌號碼]，模糊比對找到 1 筆符合的門牌地址。
294700.761,2763682.487,新北市土城區中央路2段20之1號1樓,新北市土城區員福里13鄰中央路二段20之1號,[新北市]	 { 完全比對 } 找到符合的門牌地址
211676.410,2693000.300,大甲區中山路1段825-6號,臺中市大甲區薰風里8鄰中山路一段825之6號,[臺中市]	 { 模糊比對 } (大甲區)	找到符合的[鄉鎮市區]，(中山路)	找到符合的[路街名]，(1段)	找到符合的[路段]，(825-6號)	找到符合的[門牌號碼]，模糊比對找到 1 筆符合的門牌地址。
177410.971,2512727.176,高雄市楠梓區加昌路849-851號,高雄市楠梓區隆昌里23鄰加昌路849號,[高雄市]	 { 模糊比對 } (楠梓區)	找到符合的[鄉鎮市區]，(加昌路)	找到符合的[路街名]，(849-851號)	找到符合的[門牌號碼]，模糊比對找到 1 筆符合的門牌地址。
280017.118,2761819.603,桃園市八德區公園路30號,桃園市八德區大智里19鄰公園路30號,[桃園市]	 { 完全比對 } 找到符合的門牌地址
238223.408,2730571.097,頭份鎮田寮里南田街115號,苗栗縣頭份鎮田寮里9鄰南田街115號,[苗栗縣]	 { 完全比對 } 找到符合的門牌地址
275552.707,2758013.920,桃園市中壢區龍東路188號,桃園市中壢區龍平里11鄰龍東路188號,[桃園市]	 { 完全比對 } 找到符合的門牌地址
302086.480,2766698.033,新北市永和區福和路316-1號,新北市永和區大新里11鄰福和路316之1號,[新北市]	 { 模糊比對 } (永和區)	找到符合的[鄉鎮市區]，(福和路)	找到符合的[路街名]，(316-1號)	找到符合的[門牌號碼]，模糊比對找到 1 筆符合的門牌地址。
219298.824,2661835.464,霧峰區中正路767-9號,臺中市霧峰區本堂里24鄰中正路767之9號,[臺中市]	 { 模糊比對 } (霧峰區)	找到符合的[鄉鎮市區]，(中正路)	找到符合的[路街名]，(767-9號)	找到符合的[門牌號碼]，模糊比對找到 1 筆符合的門牌地址。
273932.854,2760733.131,桃園市中壢區中山東路2段16號,桃園市中壢區普強里1鄰中山東路二段16號,[桃園市]	 { 完全比對 } 找到符合的門牌地址
268439.270,2756729.470,楊梅鎮埔心里永美路274號,桃園市楊梅區埔心里2鄰永美路274號,[桃園市]	 { 模糊比對 } (楊梅鎮)	找不到符合的[鄉鎮市區]，進行轉換搜尋[鄉變成鎮]，進行轉換搜尋[鎮變成市]，進行轉換搜尋[市變成區]，進行轉換搜尋[區變成市]，進行轉換搜尋[市變成鎮]，進行轉換搜尋[鎮變成鄉]，轉換搜尋找不到符合的[鄉鎮市區]，(埔心里)	找到符合的[村里]，(永美路)	找到符合的[路街名]，(274號)	找到符合的[門牌號碼]，模糊比對找到 1 筆符合的門牌地址。
172848.790,2546649.390,台南市永康區永二街399號,臺南市永康區二王里12鄰永二街399號,[臺南市]	 { 完全比對 } 找到符合的門牌地址
178218.080,2548560.250,台南市新化區大新路15號,臺南市新化區協興里16鄰大新路13號,[臺南市]	 { 模糊比對 } (新化區)	找到符合的[鄉鎮市區]，(大新路)	找到符合的[路街名]，(15號)	進行[單號過濾]，進行[找大於且最接近的門牌號碼]，找到大於輸入的門牌號碼 +4 號，進行[找小於且最接近的門牌號碼]，找到小於輸入的門牌號碼 -2 號，模糊比對找到 2 筆符合的門牌地址。( 限制回傳 1 筆門牌地址 )
189968.320,2582714.500,台南市白河區中山路2-10號,臺南市白河區白河里1鄰中山路2之10號,[臺南市]	 { 模糊比對 } (白河區)	找到符合的[鄉鎮市區]，(中山路)	找到符合的[路街名]，(2-10號)	找到符合的[門牌號碼]，模糊比對找到 1 筆符合的門牌地址。
288560.141,2774402.852,新北市林口區中正路496號1樓,新北市林口區湖南里33鄰中正路496號,[新北市]	 { 完全比對 } 找到符合的門牌地址
178753.043,2607716.709,北港鎮大同路149號,雲林縣北港鎮仁安里1鄰大同路149號,[雲林縣]	 { 完全比對 } 找到符合的門牌地址
215196.025,2671466.083,台中市西區忠明南路223號,臺中市西區公益里6鄰忠明南路223號,[臺中市]	 { 完全比對 } 找到符合的門牌地址
219756.035,2676083.784,潭子區中山路1段17-5號,臺中市潭子區家興里4鄰中山路一段17之5號,[臺中市]	 { 模糊比對 } (潭子區)	找到符合的[鄉鎮市區]，(中山路)	找到符合的[路街名]，(1段)	找到符合的[路段]，(17-5號)	找到符合的[門牌號碼]，模糊比對找到 1 筆符合的門牌地址。
217748.620,2651995.640,南投縣草屯鎮太平路二段137號,南投縣草屯鎮中山里14鄰太平路二段137號,[南投縣]	 { 完全比對 } 找到符合的門牌地址
214388.148,2671891.056,台中市南屯區大墩路671號1樓,臺中市南屯區溝墘里11鄰大墩路671號,[臺中市]	 { 完全比對 } 找到符合的門牌地址
304227.065,2769854.939,臺北市大安區建國南路1段298號1樓,臺北市大安區民炤里21鄰建國南路一段298號,[臺北市]	 { 完全比對 } 找到符合的門牌地址
196324.370,2507531.950,屏東市安鎮里大興路24號,屏東縣屏東市安鎮里8鄰大興路24號,[屏東縣]	 { 完全比對 } 找到符合的門牌地址
251864.118,2747047.116,新竹縣竹北市文信路81號,新竹縣竹北市興安里14鄰文信路81號,[新竹縣]	 { 完全比對 } 找到符合的門牌地址
185943.910,2502557.350,高雄市鳳山區鳳東路373號,高雄市鳳山區誠智里7鄰鳳東路373號,[高雄市]	 { 完全比對 } 找到符合的門牌地址
207858.900,2675513.420,龍井區遊園南路97號,臺中市龍井區新東里18鄰遊園南路97號,[臺中市]	 { 完全比對 } 找到符合的門牌地址
312453.411,2773800.546,臺北市內湖區康樂街116之2號1樓,臺北市內湖區樂康里17鄰康樂街116之2號,[臺北市]	 { 完全比對 } 找到符合的門牌地址
182239.780,2500304.590,高雄市鳳山區五甲二路135號,高雄市鳳山區正義里44鄰五甲二路135號,[高雄市]	 { 完全比對 } 找到符合的門牌地址
280520.264,2765745.815,桃園市永安路348號,桃園市桃園區永安里23鄰永安路348號,[桃園市]	 { 完全比對 } 找到符合的門牌地址
316591.624,2773400.375,新北市汐止區大同路二段456號1樓,新北市汐止區禮門里17鄰大同路二段456號,[新北市]	 { 完全比對 } 找到符合的門牌地址
218088.485,2673137.178,台中市北區進化北路162號,臺中市北區崇德里8鄰進化北路162號,[臺中市]	 { 完全比對 } 找到符合的門牌地址
309495.464,2774652.069,臺北市內湖區成功路3段117號1樓,臺北市內湖區紫星里29鄰成功路三段117號,[臺北市]	 { 完全比對 } 找到符合的門牌地址
202397.540,2528166.391,高雄市美濃區吉東里上九寮1-3號,高雄市美濃區吉東里1鄰上九寮1之3號,[高雄市]	 { 模糊比對 } (美濃區)	找到符合的[鄉鎮市區]，(吉東里)	找到符合的[村里]，(上九寮)	找到符合的[地區]，(1-3號)	找到符合的[門牌號碼]，模糊比對找到 1 筆符合的門牌地址。
170969.340,2546315.270,台南市永康區中華路714號,臺南市永康區大橋里28鄰中華路714號,[臺南市]	 { 完全比對 } 找到符合的門牌地址
254255.813,2755083.614,新竹縣湖口鄉成功路186號,新竹縣湖口鄉信勢村13鄰成功路186號,[新竹縣]	 { 完全比對 } 找到符合的門牌地址
219167.312,2673671.737,台中市北屯區北屯路220號,臺中市北屯區三光里10鄰北屯路220號,[臺中市]	 { 完全比對 } 找到符合的門牌地址
175999.904,2506876.024,高雄市鼓山區九如四路1175號,高雄市鼓山區內惟里15鄰九如四路1175號,[高雄市]	 { 完全比對 } 找到符合的門牌地址
316210.181,2773122.728,新北市汐止區新興路8號1樓,新北市汐止區復興里4鄰新興路8號,[新北市]	 { 完全比對 } 找到符合的門牌地址
298424.254,2766546.852,新北市中和區中山路三段2號1樓,新北市中和區員山里6鄰中山路三段2號,[新北市]	 { 完全比對 } 找到符合的門牌地址
302662.168,2769123.359,臺北市中正區杭州南路2段92號1樓,臺北市中正區新營里16鄰杭州南路二段92號,[臺北市]	 { 完全比對 } 找到符合的門牌地址
252598.941,2744982.178,新竹縣竹北市文興路一段71號,新竹縣竹北市鹿場里31鄰文興路一段71號,[新竹縣]	 { 完全比對 } 找到符合的門牌地址
202929.970,2665016.330,彰化市彰美路1段230號,彰化縣彰化市新興里13鄰彰美路一段230號,[彰化縣]	 { 完全比對 } 找到符合的門牌地址
179813.849,2506791.854,高雄市三民區明誠一路816號,高雄市三民區鼎泰里7鄰明誠一路816號,[高雄市]	 { 完全比對 } 找到符合的門牌地址
197913.770,2509734.550,屏東市廣東路766號,屏東縣屏東市北興里31鄰廣東路766號,[屏東縣]	 { 完全比對 } 找到符合的門牌地址
179741.537,2507439.984,高雄市三民區民族一路529-6號,高雄市三民區鼎泰里57鄰民族一路529之6號,[高雄市]	 { 模糊比對 } (三民區)	找到符合的[鄉鎮市區]，(民族一路)	找到符合的[路街名]，(529-6號)	找到符合的[門牌號碼]，模糊比對找到 1 筆符合的門牌地址。
215137.055,2670693.215,台中市西區存中街153號,臺中市西區大忠里5鄰存中街153號,[臺中市]	 { 完全比對 } 找到符合的門牌地址
305281.971,2769597.593,臺北市大安區信義路4段109號1樓,臺北市大安區德安里2鄰信義路四段109號,[臺北市]	 { 完全比對 } 找到符合的門牌地址
246572.620,2743761.850,新竹市西大路303號1樓,新竹市東區南市里17鄰西大路303號,[新竹市]	 { 完全比對 } 找到符合的門牌地址
183067.720,2503200.870,高雄市鳳山區中山西路217之1號,高雄市鳳山區中和里4鄰中山西路217之1號,[高雄市]	 { 完全比對 } 找到符合的門牌地址
306137.332,2769753.147,臺北市大安區延吉街251號1樓,臺北市大安區光信里16鄰延吉街251號,[臺北市]	 { 完全比對 } 找到符合的門牌地址
174122.290,2596041.870,嘉義縣朴子市大木康榔995號,嘉義縣朴子市大鄉里22鄰大?榔995號,[嘉義縣]	 { 模糊比對 } (朴子市)	找到符合的[鄉鎮市區]，(大木康榔)	找不到符合的[地區]，轉換搜尋找不到符合的[地區]，(995號)	找到符合的[門牌號碼]，模糊比對找到 1 筆符合的門牌地址。
179263.240,2578208.920,台南市新營區三民路137-1號,臺南市新營區民生里15鄰三民路137號之1,[臺南市]	 { 模糊比對 } (新營區)	找到符合的[鄉鎮市區]，(三民路)	找到符合的[路街名]，(137-1號)	找到符合的[門牌號碼]，模糊比對找到 1 筆符合的門牌地址。
283133.389,2762518.226,桃園市桃鶯路101號,桃園市八德區大明里22鄰桃鶯路101號,[桃園市]	 { 模糊比對 } (桃鶯路)	找到符合的[路街名]，(101號)	找到符合的[門牌號碼]，進行[單號過濾]，模糊比對找到 2 筆符合的門牌地址。( 限制回傳 1 筆門牌地址 )
169764.130,2546462.720,台南市北區大武街393號,臺南市北區小康里15鄰大武街393號,[臺南市]	 { 完全比對 } 找到符合的門牌地址
178673.713,2507888.031,高雄市左營區新庄仔路233-4號,高雄市左營區新中里19鄰新庄仔路233之4號,[高雄市]	 { 模糊比對 } (左營區)	找到符合的[鄉鎮市區]，(新庄仔路)	找到符合的[路街名]，(233-4號)	找到符合的[門牌號碼]，模糊比對找到 1 筆符合的門牌地址。
217707.581,2674597.666,臺中市北屯區大連路二段15號,臺中市北屯區平陽里1鄰大連路二段15號,[臺中市]	 { 完全比對 } 找到符合的門牌地址
197544.460,2498833.950,屏東縣萬丹鄉萬全村萬丹路一段270號,屏東縣萬丹鄉萬全村12鄰萬丹路一段270號,[屏東縣]	 { 完全比對 } 找到符合的門牌地址
216391.596,2672263.461,台中市北區英才路351號,臺中市北區淡溝里17鄰英才路351號,[臺中市]	 { 完全比對 } 找到符合的門牌地址
212883.862,2671791.682,台中市南屯區公益路二段607號,臺中市南屯區三和里18鄰公益路二段607號,[臺中市]	 { 完全比對 } 找到符合的門牌地址
304559.234,2771181.039,臺北市龍江路21巷1號1樓,臺北市中山區朱崙里10鄰龍江路21巷1號,[臺北市]	 { 完全比對 } 找到符合的門牌地址
183314.920,2504596.150,高雄市鳳山區青年路2段320號,高雄市鳳山區文衡里12鄰青年路二段320號,[高雄市]	 { 完全比對 } 找到符合的門牌地址
295039.273,2771280.960,新北市新莊區幸福路795號,新北市新莊區立廷里15鄰幸福路795號,[新北市]	 { 完全比對 } 找到符合的門牌地址
290580.129,2782326.557,新北市八里區中山路2段261號3樓,新北市八里區舊城里8鄰中山路二段261號,[新北市]	 { 完全比對 } 找到符合的門牌地址
299524.928,2774623.794,新北市三重區自強路4段79號1樓,新北市三重區溪美里7鄰自強路四段79號,[新北市]	 { 完全比對 } 找到符合的門牌地址
304404.495,2768684.859,臺北市大安區和平東路2段68號1樓,臺北市大安區龍門里5鄰和平東路二段68號,[臺北市]	 { 完全比對 } 找到符合的門牌地址
172105.090,2595906.860,嘉義縣朴子市開元路483-2號,嘉義縣朴子市文化里11鄰開元路483之2號,[嘉義縣]	 { 模糊比對 } (朴子市)	找到符合的[鄉鎮市區]，(開元路)	找到符合的[路街名]，(483-2號)	找到符合的[門牌號碼]，模糊比對找到 1 筆符合的門牌地址。
231458.750,2717639.676,苗栗市北安街188號,苗栗縣苗栗市北苗里28鄰北安街188號,[苗栗縣]	 { 完全比對 } 找到符合的門牌地址
220429.114,2682999.796,豐原區圓環西路69號,臺中市豐原區豐圳里23鄰圓環西路69號,[臺中市]	 { 完全比對 } 找到符合的門牌地址
303480.238,2772170.173,臺北市中山區吉林路166號1樓,臺北市中山區中原里15鄰吉林路166號,[臺北市]	 { 完全比對 } 找到符合的門牌地址
193279.000,2602596.410,民雄鄉福樂村埤角66-52號,嘉義縣民雄鄉福樂村32鄰埤角66號之52,[嘉義縣]	 { 模糊比對 } (民雄鄉)	找到符合的[鄉鎮市區]，(福樂村)	找到符合的[村里]，(埤角)	找到符合的[地區]，(66-52號)	找到符合的[門牌號碼]，模糊比對找到 1 筆符合的門牌地址。
279339.760,2770100.530,桃園市蘆竹區南順七街22號,桃園市蘆竹區福昌里13鄰南順七街22號,[桃園市]	 { 完全比對 } 找到符合的門牌地址
305714.266,2770024.971,臺北市大安區仁愛路4段228-5號1樓,臺北市大安區敦煌里17鄰仁愛路四段228之5號,[臺北市]	 { 模糊比對 } (大安區)	找到符合的[鄉鎮市區]，(仁愛路)	找到符合的[路街名]，(4段)	找到符合的[路段]，(228-5號)	找到符合的[門牌號碼]，模糊比對找到 1 筆符合的門牌地址。
214574.538,2667542.793,台中市南區復興路一段259號,臺中市南區樹義里41鄰復興路一段259號,[臺中市]	 { 完全比對 } 找到符合的門牌地址
294193.454,2775022.992,新北市五股區中興路4段49號1樓,新北市五股區五股里10鄰中興路四段49號,[新北市]	 { 完全比對 } 找到符合的門牌地址
250287.736,2747078.683,新竹縣竹北市中華路226號,新竹縣竹北市新崙里9鄰中華路226號,[新竹縣]	 { 完全比對 } 找到符合的門牌地址
218042.175,2674703.312,臺中市北屯區崇德二路二段159號,臺中市北屯區平陽里20鄰崇德二路二段159號,[臺中市]	 { 完全比對 } 找到符合的門牌地址
292689.876,2764893.174,新北市樹林區樹德街5號1樓,新北市樹林區樹西里5鄰樹德街5號,[新北市]	 { 完全比對 } 找到符合的門牌地址
177269.602,2507235.024,高雄市鼓山區中華一路350號,高雄市鼓山區龍水里4鄰中華一路350號,[高雄市]	 { 完全比對 } 找到符合的門牌地址
,,屏東縣恆春鎮恆南路133號,,查無符合門牌地址
181080.268,2505212.921,高雄市三民區大豐二路118-1號,高雄市三民區寶興里31鄰大豐二路118之1號,[高雄市]	 { 模糊比對 } (三民區)	找到符合的[鄉鎮市區]，(大豐二路)	找到符合的[路街名]，(118-1號)	找到符合的[門牌號碼]，模糊比對找到 1 筆符合的門牌地址。
297671.551,2767821.642,新北市板橋區民生路二段50號1樓,新北市板橋區玉光里19鄰民生路二段50號,[新北市]	 { 完全比對 } 找到符合的門牌地址
214026.738,2672061.630,台中市南屯區大業路357號1、2樓,臺中市南屯區溝墘里14鄰大業路357號,[臺中市]	 { 完全比對 } 找到符合的門牌地址
305145.348,2772711.832,台北市民權東路3段140巷5號1樓及106巷3弄8號1樓,臺北市松山區民有里28鄰民權東路三段140巷4號,[臺北市]	 { 模糊比對 } (民權東路)	找到符合的[路街名]，(3段)	找到符合的[路段]，(140巷)	找到符合的[巷]，(5號1樓及106巷3弄)	找不到符合的[弄]，(8號)	找不到符合的[門牌號碼]，進行轉換搜尋[巷視為號]，進行[雙號過濾]，進行[找小於且最接近的門牌號碼]，找到小於輸入的門牌號碼 -4 號，模糊比對找到 1 筆符合的門牌地址。
186212.150,2631301.430,二崙鄉大同村後壁路29-1號,雲林縣二崙鄉大同村7鄰後壁路29號之1,[雲林縣]	 { 模糊比對 } (二崙鄉)	找到符合的[鄉鎮市區]，(大同村)	找到符合的[村里]，(後壁路)	找到符合的[路街名]，(29-1號)	找到符合的[門牌號碼]，模糊比對找到 1 筆符合的門牌地址。
216658.369,2673980.920,台中市北區中清路一段635號,臺中市北區立人里18鄰中清路一段635號,[臺中市]	 { 完全比對 } 找到符合的門牌地址
203872.220,2601949.930,嘉義縣竹崎鄉竹崎村中華路53號,嘉義縣竹崎鄉竹崎村27鄰中華路53號,[嘉義縣]	 { 完全比對 } 找到符合的門牌地址
297011.686,2774666.451,新北市蘆洲區九芎街99號,新北市蘆洲區永安里13鄰九芎街99號,[新北市]	 { 完全比對 } 找到符合的門牌地址
302172.055,2767534.092,永和區竹林路19號1樓,新北市永和區復興里5鄰竹林路19號,[新北市]	 { 完全比對 } 找到符合的門牌地址
251093.440,2741867.970,新竹市科學園路106號1樓,新竹市東區科園里8鄰科學園路106號,[新竹市]	 { 完全比對 } 找到符合的門牌地址
307242.202,2772068.331,臺北市松山區健康路325巷14號1樓,臺北市松山區鵬程里9鄰健康路325巷14號,[臺北市]	 { 完全比對 } 找到符合的門牌地址
303498.952,2773214.736,台北市吉林路432號1樓,臺北市中山區新庄里1鄰吉林路432號,[臺北市]	 { 完全比對 } 找到符合的門牌地址
305649.439,2775140.238,臺北市中山區明水路672巷34號1樓,臺北市中山區成功里16鄰明水路672巷34號,[臺北市]	 { 完全比對 } 找到符合的門牌地址
184183.990,2504362.530,高雄市鳳山區八德路129號,高雄市鳳山區文英里15鄰八德路129號,[高雄市]	 { 完全比對 } 找到符合的門牌地址
196541.710,2508005.580,屏東市民族路222號,屏東縣屏東市大埔里2鄰民族路222號,[屏東縣]	 { 完全比對 } 找到符合的門牌地址
313699.780,2773491.984,新北市汐止區康寧街455號1樓,新北市汐止區北峰里21鄰康寧街455號,[新北市]	 { 完全比對 } 找到符合的門牌地址
178653.299,2506743.999,高雄市左營區至聖路235號,高雄市左營區新上里39鄰至聖路235號,[高雄市]	 { 完全比對 } 找到符合的門牌地址
171576.870,2544437.370,台南市永康區中華路8-2號,臺南市永康區中華里20鄰中華路8號之2,[臺南市]	 { 模糊比對 } (永康區)	找到符合的[鄉鎮市區]，(中華路)	找到符合的[路街名]，(8-2號)	找到符合的[門牌號碼]，模糊比對找到 1 筆符合的門牌地址。
214608.266,2673514.026,台中市西屯區西屯路二段103之3號,臺中市西屯區何安里33鄰西屯路二段103之3號,[臺中市]	 { 完全比對 } 找到符合的門牌地址
326622.302,2781580.468,基隆市中正區正豐街61號,基隆市中正區中砂里4鄰正豐街61號,[基隆市]	 { 完全比對 } 找到符合的門牌地址
192821.030,2605452.660,嘉義縣民雄鄉東湖村75號,嘉義縣民雄鄉東湖村18鄰東勢湖75號,[嘉義縣]	 { 模糊比對 } (民雄鄉)	找到符合的[鄉鎮市區]，(東湖村)	找到符合的[村里]，(75號)	找到符合的[門牌號碼]，模糊比對找到 1 筆符合的門牌地址。
251762.139,2747498.158,新竹縣竹北市中正東路105號,新竹縣竹北市竹仁里7鄰中正東路105號,[新竹縣]	 { 完全比對 } 找到符合的門牌地址
216909.099,2670457.156,台中市西區大明街4號,臺中市西區廣民里21鄰大明街4號,[臺中市]	 { 完全比對 } 找到符合的門牌地址
187770.341,2620372.208,土庫鎮中興路349號,雲林縣土庫鎮石廟里21鄰中興路349號,[雲林縣]	 { 完全比對 } 找到符合的門牌地址
295219.050,2764744.276,新北市土城區中央路一段63號1樓及地下1樓,新北市土城區貨饒里9鄰中央路一段63號,[新北市]	 { 完全比對 } 找到符合的門牌地址
207981.690,2474286.950,屏東縣枋寮鄉枋寮村德興路92-2號,屏東縣枋寮鄉枋寮村27鄰德興路92之2號,[屏東縣]	 { 模糊比對 } (枋寮鄉)	找到符合的[鄉鎮市區]，(枋寮村)	找到符合的[村里]，(德興路)	找到符合的[路街名]，(92-2號)	找到符合的[門牌號碼]，模糊比對找到 1 筆符合的門牌地址。
305106.691,2769801.351,臺北市大安區大安路1段205號1樓及地下1樓,臺北市大安區德安里3鄰大安路一段205號,[臺北市]	 { 完全比對 } 找到符合的門牌地址
303133.238,2772296.091,臺北市中山區民生東路1段78號1樓,臺北市中山區中山里14鄰民生東路一段78號,[臺北市]	 { 完全比對 } 找到符合的門牌地址
306771.690,2764681.596,臺北市文山區木柵路2段133號1樓,臺北市文山區明興里13鄰木柵路二段133號,[臺北市]	 { 完全比對 } 找到符合的門牌地址
165330.810,2562572.840,台南市佳里區文化路343號,臺南市佳里區安西里15鄰文化路343號,[臺南市]	 { 完全比對 } 找到符合的門牌地址
250049.475,2747836.104,新竹縣竹北市華興街257號,新竹縣竹北市竹義里20鄰華興街257號,[新竹縣]	 { 完全比對 } 找到符合的門牌地址
179172.458,2508649.048,高雄市左營區曾子路79號,高雄市左營區菜公里8鄰曾子路79號,[高雄市]	 { 完全比對 } 找到符合的門牌地址
220408.758,2671004.815,臺中市東區十甲東路657號,臺中市東區東英里4鄰十甲東路657號,[臺中市]	 { 完全比對 } 找到符合的門牌地址
265749.002,2517122.053,台東市中華路一段364號,臺東縣臺東市中正里16鄰中華路一段364號,[臺東縣]	 { 完全比對 } 找到符合的門牌地址
214700.243,2670554.510,台中市南屯區五權西路二段67號,臺中市南屯區大誠里3鄰五權西路二段67號,[臺中市]	 { 完全比對 } 找到符合的門牌地址
189304.790,2593364.950,嘉義縣水上鄉中山路2段998號,嘉義縣水上鄉粗溪村6鄰中山路二段998號,[嘉義縣]	 { 完全比對 } 找到符合的門牌地址
179266.381,2501248.438,高雄市前鎮區西山里30鄰台鋁11巷15號,高雄市前鎮區西山里30鄰臺鋁十一巷15號,[高雄市]	 { 模糊比對 } (前鎮區)	找到符合的[鄉鎮市區]，(西山里)	找到符合的[村里]，(臺鋁11巷)	找不到符合的[巷]，(臺鋁11巷)	找不到符合的[地區]，轉換搜尋找不到符合的[地區]，(15號)	找到符合的[門牌號碼]，進行[單號過濾]，(30鄰)	找到符合的[鄰]，模糊比對找到 1 筆符合的門牌地址。
184110.440,2499372.660,高雄市鳳山區鳳頂路368號,高雄市鳳山區過埤里40鄰鳳頂路368號,[高雄市]	 { 完全比對 } 找到符合的門牌地址
287058.749,2757090.570,新北市三峽區中園街126之23號1樓及126之22號1樓,新北市三峽區大埔里2鄰中園街126之23號,[新北市]	 { 完全比對 } 找到符合的門牌地址
301966.812,2778537.320,臺北市北投區西安街1段361號1樓,臺北市北投區榮光里21鄰西安街一段361號,[臺北市]	 { 完全比對 } 找到符合的門牌地址
240366.039,2730993.249,頭份鎮自強路241號1.2.3.樓.地下室,苗栗縣頭份鎮民族里3鄰自強路241號,[苗栗縣]	 { 完全比對 } 找到符合的門牌地址
236074.540,2727874.880,造橋鄉朝陽村10鄰7-1號,苗栗縣造橋鄉朝陽村10鄰山腳7之1號,[苗栗縣]	 { 模糊比對 } (造橋鄉)	找到符合的[鄉鎮市區]，(朝陽村)	找到符合的[村里]，(7-1號)	找到符合的[門牌號碼]，進行[單號過濾]，進行[找最小門牌的號之、之號]，(10鄰)	找到符合的[鄰]，模糊比對找到 1 筆符合的門牌地址。
301133.742,2761260.564,新北市新店區安康路2段308號,新北市新店區德安里5鄰安康路二段308號,[新北市]	 { 完全比對 } 找到符合的門牌地址
248190.670,2743861.900,新竹市體育街28號,新竹市東區公園里18鄰體育街28號,[新竹市]	 { 完全比對 } 找到符合的門牌地址
194425.128,2641859.565,彰化縣埤頭鄉合興村中央路696巷38號,彰化縣埤頭鄉合興村19鄰中央路696巷38號,[彰化縣]	 { 完全比對 } 找到符合的門牌地址
186373.300,2621512.260,虎尾鎮芳草里崁頂4號,雲林縣虎尾鎮芳草里7鄰崁頂4號,[雲林縣]	 { 完全比對 } 找到符合的門牌地址
203550.650,2622979.220,雲林縣斗六市中正路24-1號,雲林縣斗六市信義里1鄰中正路24之1號,[雲林縣]	 { 模糊比對 } (斗六市)	找到符合的[鄉鎮市區]，(中正路)	找到符合的[路街名]，(24-1號)	找到符合的[門牌號碼]，模糊比對找到 1 筆符合的門牌地址。
305652.549,2768505.480,臺北市大安區基隆路2段220號1至4樓,臺北市大安區虎嘯里12鄰基隆路二段220號,[臺北市]	 { 完全比對 } 找到符合的門牌地址
303007.901,2771316.960,台北市長安東路1段41-1號1樓,臺北市中山區正義里1鄰長安東路一段41之1號,[臺北市]	 { 模糊比對 } (長安東路)	找到符合的[路街名]，(1段)	找到符合的[路段]，(41-1號)	找到符合的[門牌號碼]，模糊比對找到 1 筆符合的門牌地址。
184576.620,2503927.370,高雄市鳳山區經武路135號,高雄市鳳山區北門里34鄰經武路135號,[高雄市]	 { 完全比對 } 找到符合的門牌地址
219120.364,2662379.477,台中市霧峰區林森路768-1號,臺中市霧峰區中正里12鄰林森路768之1號,[臺中市]	 { 模糊比對 } (霧峰區)	找到符合的[鄉鎮市區]，(林森路)	找到符合的[路街名]，(768-1號)	找到符合的[門牌號碼]，模糊比對找到 1 筆符合的門牌地址。
271595.720,2751011.300,桃園市龍潭區東龍路292號,桃園市龍潭區中山里17鄰東龍路292號,[桃園市]	 { 完全比對 } 找到符合的門牌地址
307188.252,2768891.560,臺北市信義區莊敬路428號1樓,臺北市信義區三張里15鄰莊敬路428號,[臺北市]	 { 完全比對 } 找到符合的門牌地址
302370.527,2773481.464,台北市民族西路53號1樓,臺北市大同區至聖里7鄰民族西路53號,[臺北市]	 { 完全比對 } 找到符合的門牌地址
296370.331,2775940.609,新北市蘆洲區永平街32巷12弄18號1樓及B1,新北市蘆洲區南港里2鄰永平街32巷12弄18號,[新北市]	 { 完全比對 } 找到符合的門牌地址
298495.060,2766489.645,新北市中和區中山路2段577號1、2樓,新北市中和區積穗里34鄰中山路二段577號,[新北市]	 { 完全比對 } 找到符合的門牌地址
301706.119,2765716.759,新北市中和區中安街230號1、2樓,新北市中和區安樂里11鄰中安街230號,[新北市]	 { 完全比對 } 找到符合的門牌地址
222410.297,2682384.896,豐原區同安街183,臺中市豐原區北陽里5鄰同安街183號,[臺中市]	 { 完全比對 } 找到符合的門牌地址
297089.690,2779087.863,臺北市北投區知行路208-2號1樓,臺北市北投區關渡里16鄰知行路208之2號,[臺北市]	 { 模糊比對 } (北投區)	找到符合的[鄉鎮市區]，(知行路)	找到符合的[路街名]，(208-2號)	找到符合的[門牌號碼]，模糊比對找到 1 筆符合的門牌地址。
179870.041,2502223.862,高雄市苓雅區光華一路12之1號,高雄市苓雅區林西里5鄰光華一路12之1號,[高雄市]	 { 完全比對 } 找到符合的門牌地址
218977.149,2672910.398,台中市北區天祥街2號,臺中市北區錦洲里8鄰天祥街2號,[臺中市]	 { 完全比對 } 找到符合的門牌地址
222469.057,2683572.510,台中市豐原區圓環北路2段249、251號,臺中市豐原區翁明里9鄰圓環北路二段407號,[臺中市]	 { 模糊比對 } (豐原區)	找到符合的[鄉鎮市區]，(圓環北路)	找到符合的[路街名]，(2段)	找到符合的[路段]，(249251號)	進行[單號過濾]，進行[找小於且最接近的門牌號碼]，找到小於輸入的門牌號碼 -248844 號，模糊比對找到 1 筆符合的門牌地址。
199214.880,2509045.080,屏東市瑞光路二段364號,屏東縣屏東市大連里16鄰瑞光路二段364號,[屏東縣]	 { 完全比對 } 找到符合的門牌地址
215036.921,2667914.655,臺中市南區復興路一段405號(及地下室),臺中市南區工學里6鄰復興路一段405號,[臺中市]	 { 完全比對 } 找到符合的門牌地址
271742.090,2750572.170,桃園市龍潭區東龍路136號,桃園市龍潭區龍星里24鄰東龍路136號,[桃園市]	 { 完全比對 } 找到符合的門牌地址
214758.516,2671820.821,台中市西區東興路三段164號,臺中市西區公平里14鄰東興路三段164號,[臺中市]	 { 完全比對 } 找到符合的門牌地址
284110.790,2765309.840,桃園市龜山區萬壽路2段960號1樓,桃園市龜山區龜山里9鄰萬壽路二段960號,[桃園市]	 { 完全比對 } 找到符合的門牌地址
310359.374,2775272.820,臺北市成功路4段311號1樓,臺北市內湖區秀湖里11鄰成功路四段311號,[臺北市]	 { 完全比對 } 找到符合的門牌地址
249464.971,2751179.326,新竹縣新豐鄉新興路158-3號,新竹縣新豐鄉松林村2鄰新興路158之3號,[新竹縣]	 { 模糊比對 } (新豐鄉)	找到符合的[鄉鎮市區]，(新興路)	找到符合的[路街名]，(158-3號)	找到符合的[門牌號碼]，模糊比對找到 1 筆符合的門牌地址。
203847.240,2663125.220,彰化市旭光路184號,彰化縣彰化市華北里10鄰旭光路184號,[彰化縣]	 { 完全比對 } 找到符合的門牌地址
205170.550,2500883.930,屏東縣內埔鄉內田村學人路707號,屏東縣內埔鄉內田村15鄰學人路707號,[屏東縣]	 { 完全比對 } 找到符合的門牌地址
301197.753,2765850.382,新北市永和區中和路325號1樓,新北市永和區雙和里16鄰中和路325號,[新北市]	 { 完全比對 } 找到符合的門牌地址
171337.300,2595430.260,嘉義縣朴子市永和里140-11號,嘉義縣朴子市永和里16鄰(應)菜埔140號附11,[嘉義縣]	 { 模糊比對 } (朴子市)	找到符合的[鄉鎮市區]，(永和里)	找到符合的[村里]，(140-11號)	找到符合的[門牌號碼]，模糊比對找到 1 筆符合的門牌地址。
177783.487,2502281.881,高雄市前金區自強三路213號1、2樓,高雄市前金區榮復里16鄰自強三路213號,[高雄市]	 { 完全比對 } 找到符合的門牌地址
295443.138,2764650.697,土城區學成路100號1樓及地下1樓,新北市土城區貨饒里20鄰學成路100號,[新北市]	 { 完全比對 } 找到符合的門牌地址
178273.340,2539951.560,臺南市成功路297號,臺南市歸仁區崙頂里2鄰成功路一段297號,[臺南市]	 { 模糊比對 } (成功路)	找到符合的[路街名]，(297號)	找到符合的[門牌號碼]，模糊比對找到 1 筆符合的門牌地址。
202472.580,2493684.570,屏東縣潮州鎮光春路121-2號,屏東縣潮州鎮永春里15鄰光春路121之2號,[屏東縣]	 { 模糊比對 } (潮州鎮)	找到符合的[鄉鎮市區]，(光春路)	找到符合的[路街名]，(121-2號)	找到符合的[門牌號碼]，模糊比對找到 1 筆符合的門牌地址。
218455.104,2672241.070,台中市北區雙十路二段77號,臺中市北區金華里8鄰雙十路二段77號,[臺中市]	 { 完全比對 } 找到符合的門牌地址
279834.563,2767792.539,桃園市中寧街23號,桃園市桃園區同德里4鄰中寧街23號,[桃園市]	 { 完全比對 } 找到符合的門牌地址
263561.564,2516854.307,台東市豐榮里31鄰仁和街108號,臺東縣臺東市豐榮里31鄰仁和街108號,[臺東縣]	 { 完全比對 } 找到符合的門牌地址
211174.236,2675564.172,臺中市西屯區福科路537號(1-3樓),臺中市西屯區福林里3鄰福科路537號,[臺中市]	 { 完全比對 } 找到符合的門牌地址
197349.670,2508632.410,屏東市忠孝路169-1號,屏東縣屏東市泰安里8鄰忠孝路169之1號,[屏東縣]	 { 模糊比對 } (屏東市)	找到符合的[鄉鎮市區]，(忠孝路)	找到符合的[路街名]，(169-1號)	找到符合的[門牌號碼]，模糊比對找到 1 筆符合的門牌地址。
293045.004,2769076.257,新北市新莊區福營路242號1樓及B1,新北市新莊區福營里18鄰福營路242號,[新北市]	 { 完全比對 } 找到符合的門牌地址
176718.066,2507712.042,高雄市鼓山區中華一路2號,高雄市鼓山區鼓峰里19鄰中華一路2號,[高雄市]	 { 完全比對 } 找到符合的門牌地址
281591.400,2765229.624,桃園市民生路228號,桃園市桃園區民生里14鄰民生路228號,[桃園市]	 { 模糊比對 } (民生路)	找到符合的[路街名]，(228號)	找到符合的[門牌號碼]，進行[雙號過濾]，模糊比對找到 2 筆符合的門牌地址。( 限制回傳 1 筆門牌地址 )
198592.380,2514893.520,屏東縣九如鄉東寧村東都街45巷7弄6號,屏東縣九如鄉東寧村22鄰東都街45巷7弄6號,[屏東縣]	 { 完全比對 } 找到符合的門牌地址
194787.065,2594742.915,嘉義市吳鳳南路669號,嘉義市東區興仁里12鄰吳鳳南路669號,[嘉義市]	 { 完全比對 } 找到符合的門牌地址
295139.848,2771181.160,新莊區中和街93號,新北市新莊區中宏里18鄰中和街93號,[新北市]	 { 完全比對 } 找到符合的門牌地址
198746.800,2507358.340,屏東市民生路12-12號,屏東縣屏東市長春里9鄰民生路12之12號,[屏東縣]	 { 模糊比對 } (屏東市)	找到符合的[鄉鎮市區]，(民生路)	找到符合的[路街名]，(12-12號)	找到符合的[門牌號碼]，模糊比對找到 1 筆符合的門牌地址。
197160.590,2506007.030,屏東市復興南路一段100號,屏東縣屏東市新生里17鄰復興南路一段100號,[屏東縣]	 { 完全比對 } 找到符合的門牌地址
199184.600,2508140.740,屏東市民學路36-2號,屏東縣屏東市豐田里3鄰民學路36號之2,[屏東縣]	 { 模糊比對 } (屏東市)	找到符合的[鄉鎮市區]，(民學路)	找到符合的[路街名]，(36-2號)	找到符合的[門牌號碼]，模糊比對找到 1 筆符合的門牌地址。
199027.790,2509029.330,屏東市豐榮街189號,屏東縣屏東市大連里43鄰豐榮街189號,[屏東縣]	 { 完全比對 } 找到符合的門牌地址
179179.724,2501528.711,高雄市前鎮區復興三路313號1~2樓,高雄市前鎮區盛豐里15鄰復興三路313號,[高雄市]	 { 完全比對 } 找到符合的門牌地址
180789.500,2499758.160,高雄市鳳山區五常街44號,高雄市鳳山區福誠里22鄰五常街44號,[高雄市]	 { 完全比對 } 找到符合的門牌地址
179622.844,2513603.183,高雄市楠梓區後勁西路236號,高雄市楠梓區金田里5鄰後勁西路236號,[高雄市]	 { 完全比對 } 找到符合的門牌地址
-22770.016,2705573.475,金門縣金城鎮民權路30巷2弄1號,金門縣金城鎮南門里33鄰民權路30巷2弄1號,[金門縣]	 { 完全比對 } 找到符合的門牌地址
173000.580,2586358.660,嘉義縣義竹鄉東光村59號,嘉義縣義竹鄉東光村3鄰東後寮59號,[嘉義縣]	 { 模糊比對 } (義竹鄉)	找到符合的[鄉鎮市區]，(東光村)	找到符合的[村里]，(59號)	找到符合的[門牌號碼]，模糊比對找到 1 筆符合的門牌地址。
205447.460,2501268.510,屏東縣內埔鄉內埔村仁智路40號,屏東縣內埔鄉內埔村34鄰仁智路40號,[屏東縣]	 { 完全比對 } 找到符合的門牌地址
293662.118,2769387.759,新莊區中正路603號,新北市新莊區福營里16鄰中正路603號,[新北市]	 { 完全比對 } 找到符合的門牌地址
168956.600,2542529.230,臺南市中西區府連路31號,臺南市中西區法華里11鄰府連路31號,[臺南市]	 { 完全比對 } 找到符合的門牌地址
281087.356,2764172.603,桃園市建國路218號1樓,桃園市桃園區豐林里7鄰建國路218號,[桃園市]	 { 模糊比對 } (建國路)	找到符合的[路街名]，(218號)	找到符合的[門牌號碼]，進行[雙號過濾]，模糊比對找到 2 筆符合的門牌地址。( 限制回傳 1 筆門牌地址 )
325861.370,2780145.481,基隆市仁一路139號,基隆市仁愛區花崗里5鄰仁一路139號,[基隆市]	 { 完全比對 } 找到符合的門牌地址
202560.501,2640064.451,彰化縣北斗鎮興農路2段228號,彰化縣北斗鎮新生里11鄰興農路二段228號,[彰化縣]	 { 完全比對 } 找到符合的門牌地址
247031.430,2651296.770,南投縣埔里鎮北澤街62號,南投縣埔里鎮東門里16鄰北澤街62號,[南投縣]	 { 完全比對 } 找到符合的門牌地址
200113.390,2509473.080,屏東縣長治鄉中興路100號,屏東縣長治鄉長興村5鄰中興路100號,[屏東縣]	 { 完全比對 } 找到符合的門牌地址
214716.962,2704194.593,苑裡鎮中山路156-1號,苗栗縣苑裡鎮苑南里12鄰中山路156號,[苗栗縣]	 { 模糊比對 } (苑裡鎮)	找到符合的[鄉鎮市區]，(中山路)	找到符合的[路街名]，(156-1號)	找到符合的[門牌號碼]，模糊比對找到 1 筆符合的門牌地址。
181499.151,2514298.959,高雄市楠梓區興西路137號,高雄市楠梓區五常里8鄰興西路137號,[高雄市]	 { 完全比對 } 找到符合的門牌地址
178949.118,2506497.990,高雄市左營區自由二路17號,高雄市左營區新上里50鄰自由二路17號,[高雄市]	 { 完全比對 } 找到符合的門牌地址
194768.020,2592727.030,嘉義縣中埔鄉和睦村公館59號之1,嘉義縣中埔鄉和睦村19鄰公?57號之2,[嘉義縣]	 { 模糊比對 } (中埔鄉)	找到符合的[鄉鎮市區]，(和睦村)	找到符合的[村里]，(公館)	找不到符合的[地區]，轉換搜尋找不到符合的[地區]，(59之1號)	進行[單號過濾]，進行[找大於且最接近的門牌號碼]，找到大於輸入的門牌號碼 +2 號，進行[找小於且最接近的門牌號碼]，找到小於輸入的門牌號碼 -2 號，進行[找大於且最接近門牌的號之、之號]，找到大於輸入的門牌的號之、之號 1 號，模糊比對找到 1 筆符合的門牌地址。
197857.400,2510136.120,屏東市公裕街266號,屏東縣屏東市北興里21鄰公裕街266號,[屏東縣]	 { 完全比對 } 找到符合的門牌地址
246665.840,2745108.610,新竹市經國路2段17-1號,新竹市北區水田里21鄰經國路二段17之1號,[新竹市]	 { 模糊比對 } (經國路)	找到符合的[路街名]，(2段)	找到符合的[路段]，(17-1號)	找到符合的[門牌號碼]，模糊比對找到 1 筆符合的門牌地址。
165832.020,2544108.830,臺南市文平路545號,臺南市安平區怡平里9鄰文平路545號,[臺南市]	 { 完全比對 } 找到符合的門牌地址
302899.530,2777170.589,臺北市士林區福國路17-1號及19-1號1樓,臺北市士林區德行里8鄰福國路17之1號,[臺北市]	 { 模糊比對 } (士林區)	找到符合的[鄉鎮市區]，(福國路)	找到符合的[路街名]，(17-1號)	找到符合的[門牌號碼]，模糊比對找到 1 筆符合的門牌地址。
304737.238,2768680.279,臺北市大安區和平東路2段201號1樓,臺北市大安區龍生里2鄰和平東路二段201號,[臺北市]	 { 完全比對 } 找到符合的門牌地址
263959.108,2515848.470,台東市中華路二段325號,臺東縣臺東市豐谷里13鄰中華路二段325號,[臺東縣]	 { 完全比對 } 找到符合的門牌地址
301850.175,2773538.698,臺北市大同區重慶北路3段185號1樓,臺北市大同區至聖里32鄰重慶北路三段185號,[臺北市]	 { 完全比對 } 找到符合的門牌地址
184460.190,2502958.930,高雄市鳳山區光遠路254號,高雄市鳳山區三民里15鄰光遠路254號,[高雄市]	 { 完全比對 } 找到符合的門牌地址
207403.010,2664472.330,彰化市彰南路2段180號,彰化縣彰化市大竹里6鄰彰南路二段180號,[彰化縣]	 { 完全比對 } 找到符合的門牌地址
167053.770,2541996.210,臺南市金華路2段39巷1號,臺南市南區國宅里7鄰金華路二段39巷1號,[臺南市]	 { 完全比對 } 找到符合的門牌地址
197666.200,2498770.550,屏東縣萬丹鄉和平東路37號,屏東縣萬丹鄉萬安村9鄰和平東路37號,[屏東縣]	 { 完全比對 } 找到符合的門牌地址
168575.900,2547346.320,臺南市德安街65號,臺南市安南區溪頂里16鄰德安街65號,[臺南市]	 { 完全比對 } 找到符合的門牌地址
,,高雄市左營區博愛3路180號,,查無符合門牌地址
310800.944,2651890.236,花蓮縣花蓮市中正路140號,花蓮縣花蓮市主農里21鄰中正路140號,[花蓮縣]	 { 完全比對 } 找到符合的門牌地址
184082.580,2500970.360,高雄市鳳山區凱旋路100號,高雄市鳳山區誠義里3鄰凱旋路100號,[高雄市]	 { 完全比對 } 找到符合的門牌地址
170988.510,2544350.570,臺南市東區東和路34號,臺南市東區小東里18鄰東和路34號,[臺南市]	 { 完全比對 } 找到符合的門牌地址
287646.838,2773736.718,新北市林口區文化一路1段119號,新北市林口區仁愛里30鄰文化一路一段119號,[新北市]	 { 完全比對 } 找到符合的門牌地址
186135.080,2599570.230,嘉義縣太保市北港路2段250之10號,嘉義縣太保市麻寮里17鄰北港路二段250之10號,[嘉義縣]	 { 完全比對 } 找到符合的門牌地址
167929.330,2544528.220,臺南市成功路357號,臺南市中西區普濟里17鄰成功路357號,[臺南市]	 { 模糊比對 } (成功路)	找到符合的[路街名]，(357號)	找到符合的[門牌號碼]，進行[單號過濾]，模糊比對找到 2 筆符合的門牌地址。( 限制回傳 1 筆門牌地址 )
169164.300,2545905.770,台南市公園路591-34號,臺南市北區六甲里21鄰公園路591號之34,[臺南市]	 { 模糊比對 } (公園路)	找到符合的[路街名]，(591-34號)	找到符合的[門牌號碼]，模糊比對找到 1 筆符合的門牌地址。
195425.985,2646102.426,彰化縣埤頭鄉豐崙村沙崙路16號,彰化縣埤頭鄉豊崙村15鄰沙崙路366號,[彰化縣]	 { 模糊比對 } (埤頭鄉)	找到符合的[鄉鎮市區]，(豐崙村)	找不到符合的[村里]，進行轉換搜尋[村變成里，里變成村]，轉換搜尋找不到進行[忽略村里]，(沙崙路)	找到符合的[路街名]，(16號)	進行[雙號過濾]，進行[找大於且最接近的門牌號碼]，找到大於輸入的門牌號碼 +350 號，模糊比對找到 1 筆符合的門牌地址。
257174.513,2738675.495,新竹縣竹東鎮中興路一段189號,新竹縣竹東鎮三重里19鄰中興路一段189號,[新竹縣]	 { 完全比對 } 找到符合的門牌地址
212945.021,2672115.164,台中市南屯區大業路598號,臺中市南屯區三義里22鄰大業路598號,[臺中市]	 { 完全比對 } 找到符合的門牌地址
214724.752,2680356.947,大雅區民生路1段290號,臺中市大雅區上雅里22鄰民生路一段290號,[臺中市]	 { 完全比對 } 找到符合的門牌地址
167614.530,2543046.930,臺南市國華街1段126號,臺南市南區新昌里18鄰國華街一段126號,[臺南市]	 { 完全比對 } 找到符合的門牌地址
,,高雄市三民區天祥1路183號,,查無符合門牌地址
178761.539,2607310.491,雲林縣北港鎮西勢里義民路41-5號,雲林縣北港鎮西勢里2鄰義民路41之5號,[雲林縣]	 { 模糊比對 } (北港鎮)	找到符合的[鄉鎮市區]，(西勢里)	找到符合的[村里]，(義民路)	找到符合的[路街名]，(41-5號)	找到符合的[門牌號碼]，模糊比對找到 1 筆符合的門牌地址。
,,桃園市中壢區中山東一段35號,,查無符合門牌地址
217562.420,2653118.100,南投縣草屯鎮成功路一段359號,南投縣草屯鎮明正里31鄰成功路一段359號,[南投縣]	 { 完全比對 } 找到符合的門牌地址
219441.710,2662774.305,霧峰區中正路1112號,臺中市霧峰區甲寅里7鄰中正路1112號,[臺中市]	 { 完全比對 } 找到符合的門牌地址
202364.480,2494175.610,屏東縣潮州鎮民治路14號,屏東縣潮州鎮新榮里14鄰民治路14號,[屏東縣]	 { 完全比對 } 找到符合的門牌地址
280992.520,2764690.384,桃園市三民路381號,桃園市桃園區南華里5鄰三民路三段381號,[桃園市]	 { 模糊比對 } (三民路)	找到符合的[路街名]，(381號)	找到符合的[門牌號碼]，模糊比對找到 1 筆符合的門牌地址。
213113.163,2666999.900,烏日區中山路一段406號,臺中市烏日區九德里18鄰中山路一段406號,[臺中市]	 { 完全比對 } 找到符合的門牌地址
,,屏東縣潮州鎮(里)建基路66號,,查無符合門牌地址
179457.067,2509060.034,高雄市左營區自由四路35號,高雄市左營區福山里68鄰自由四路35號,[高雄市]	 { 完全比對 } 找到符合的門牌地址
302235.089,2766247.031,新北市永和區中正路474號1樓,新北市永和區得和里1鄰中正路474號,[新北市]	 { 完全比對 } 找到符合的門牌地址
197615.190,2508822.110,屏東市勝利路57號,屏東縣屏東市太平里6鄰勝利路57號,[屏東縣]	 { 完全比對 } 找到符合的門牌地址
303565.242,2772832.786,臺北市中山區民權東路2段57號,臺北市中山區新福里6鄰民權東路二段57號,[臺北市]	 { 完全比對 } 找到符合的門牌地址
216031.222,2667984.583,台中市南區工學路55號,臺中市南區永興里1鄰工學路55號,[臺中市]	 { 完全比對 } 找到符合的門牌地址
280372.892,2768164.195,桃園市新埔七街134號,桃園市桃園區自強里17鄰新埔七街134號,[桃園市]	 { 完全比對 } 找到符合的門牌地址
180617.384,2506792.503,高雄市三民區明誠一路326號,高雄市三民區鼎西里6鄰明誠一路326號,[高雄市]	 { 完全比對 } 找到符合的門牌地址
194290.484,2596351.690,嘉義市興業東路18號,嘉義市東區安寮里1鄰興業東路18號,[嘉義市]	 { 完全比對 } 找到符合的門牌地址
221795.740,2668270.380,太平區鵬儀路1-4號,臺中市太平區平安里9鄰鵬儀路1之4號,[臺中市]	 { 模糊比對 } (太平區)	找到符合的[鄉鎮市區]，(鵬儀路)	找到符合的[路街名]，(1-4號)	找到符合的[門牌號碼]，模糊比對找到 1 筆符合的門牌地址。
219356.905,2674551.683,台中市北屯區舊社里33鄰崇德二路一段28號,臺中市北屯區舊社里33鄰崇德二路一段28號,[臺中市]	 { 完全比對 } 找到符合的門牌地址
212177.922,2666586.497,烏日區烏日村7鄰新興路111號,臺中市烏日區烏日里7鄰新興路111號,[臺中市]	 { 模糊比對 } (烏日區)	找到符合的[鄉鎮市區]，(烏日村)	找不到符合的[村里]，進行轉換搜尋[村變成里，里變成村]，轉換搜尋找到符合的[村里]，(新興路)	找到符合的[路街名]，(111號)	找到符合的[門牌號碼]，模糊比對找到 1 筆符合的門牌地址。
173317.440,2547486.670,台南市永康區正強街139號,臺南市永康區正強里13鄰正強街139號,[臺南市]	 { 完全比對 } 找到符合的門牌地址
281472.206,2765546.921,桃園市桃園區民生路374號,桃園市桃園區朝陽里10鄰民生路374號,[桃園市]	 { 完全比對 } 找到符合的門牌地址
181510.747,2500792.809,高雄市前鎮區瑞隆路228號,高雄市前鎮區瑞昌里10鄰瑞隆路228號,[高雄市]	 { 完全比對 } 找到符合的門牌地址
309251.734,2773575.448,臺北市民權東路6段57號,臺北市內湖區湖興里12鄰民權東路六段57號,[臺北市]	 { 完全比對 } 找到符合的門牌地址
177591.461,2622802.120,雲林縣褒忠鄉新湖村新湖路29號,雲林縣褒忠鄉新湖村7鄰新湖路42號,[雲林縣]	 { 模糊比對 } (褒忠鄉)	找到符合的[鄉鎮市區]，(新湖村)	找到符合的[村里]，(新湖路)	找到符合的[路街名]，(29號)	模糊比對找到 1 筆符合的門牌地址。
177423.621,2507945.042,高雄市鼓山區華泰路263號,高雄市鼓山區裕興里24鄰華泰路263號,[高雄市]	 { 完全比對 } 找到符合的門牌地址
300724.413,2768191.627,台北市青年路164號,臺北市萬華區日祥里1鄰青年路164號,[臺北市]	 { 完全比對 } 找到符合的門牌地址
168150.940,2545020.390,臺南市北區臨安路2段279號,臺南市北區和順里22鄰臨安路二段279號,[臺南市]	 { 完全比對 } 找到符合的門牌地址
168023.480,2542432.110,臺南市健康路1段345號,臺南市南區大成里1鄰健康路一段345號,[臺南市]	 { 完全比對 } 找到符合的門牌地址
208058.970,2597452.940,竹崎鄉桃源村15鄰勝源18之1號,嘉義縣竹崎鄉桃源村15鄰勝源18之1號,[嘉義縣]	 { 完全比對 } 找到符合的門牌地址
308322.540,2770592.771,臺北市信義區松山路315-2號1樓,臺北市信義區永春里17鄰松山路315之2號,[臺北市]	 { 模糊比對 } (信義區)	找到符合的[鄉鎮市區]，(松山路)	找到符合的[路街名]，(315-2號)	找到符合的[門牌號碼]，模糊比對找到 1 筆符合的門牌地址。
316664.977,2773158.462,新北市汐止區新台五路2段28號,新北市汐止區秀峰里18鄰新臺五路二段28號,[新北市]	 { 完全比對 } 找到符合的門牌地址
190024.570,2582836.300,台南市白河區中山路1之16號,臺南市白河區永安里17鄰中山路1之16號,[臺南市]	 { 完全比對 } 找到符合的門牌地址
296460.422,2781117.640,新北市淡水區民生路八號,新北市淡水區民生里18鄰民生路8號,[新北市]	 { 完全比對 } 找到符合的門牌地址
180211.701,2505519.952,高雄市三民區建工路559號,高雄市三民區正順里14鄰建工路559號,[高雄市]	 { 完全比對 } 找到符合的門牌地址
179764.100,2575278.730,台南市柳營區光福村成功街139號,臺南市柳營區光福里10鄰成功街139號,[臺南市]	 { 模糊比對 } (柳營區)	找到符合的[鄉鎮市區]，(光福村)	找不到符合的[村里]，進行轉換搜尋[村變成里，里變成村]，轉換搜尋找到符合的[村里]，(成功街)	找到符合的[路街名]，(139號)	找到符合的[門牌號碼]，模糊比對找到 1 筆符合的門牌地址。
246706.050,2741918.720,新竹市明湖路432號,新竹市東區湖濱里1鄰明湖路432號,[新竹市]	 { 完全比對 } 找到符合的門牌地址
279485.915,2764842.283,桃園市中山路764號,桃園市桃園區中路里1鄰中山路764號,[桃園市]	 { 完全比對 } 找到符合的門牌地址
178584.601,2607925.025,雲林縣北港鎮民有路80號,雲林縣北港鎮華勝里15鄰民有路80號,[雲林縣]	 { 完全比對 } 找到符合的門牌地址
221247.957,2683128.621,豐原區三豐路119號,臺中市豐原區下街里3鄰三豐路119號,[臺中市]	 { 完全比對 } 找到符合的門牌地址
218541.133,2674129.735,台中市北屯區昌平路一段95-9號,臺中市北屯區平心里2鄰昌平路一段95之9號,[臺中市]	 { 模糊比對 } (北屯區)	找到符合的[鄉鎮市區]，(昌平路)	找到符合的[路街名]，(1段)	找到符合的[路段]，(95-9號)	找到符合的[門牌號碼]，模糊比對找到 1 筆符合的門牌地址。
221097.550,2671440.320,太平區宜昌路525號,臺中市太平區宜昌里16鄰宜昌路525號,[臺中市]	 { 完全比對 } 找到符合的門牌地址
178795.411,2506698.229,高雄市左營區嘉慶街46號,高雄市左營區新上里54鄰嘉慶街46號,[高雄市]	 { 完全比對 } 找到符合的門牌地址
309121.871,2763745.453,龜山鄉萬壽路2段918號,臺北市文山區指南里18鄰萬壽路82號,[臺北市]	 { 模糊比對 } (龜山鄉)	找不到符合的[鄉鎮市區]，進行轉換搜尋[鄉變成鎮]，進行轉換搜尋[鎮變成市]，進行轉換搜尋[市變成區]，進行轉換搜尋[區變成市]，進行轉換搜尋[市變成鎮]，進行轉換搜尋[鎮變成鄉]，轉換搜尋找不到符合的[鄉鎮市區]，(萬壽路)	找到符合的[路街名]，(2段)	找不到符合的[路段]，(918號)	進行[雙號過濾]，進行[找小於且最接近的門牌號碼]，找到小於輸入的門牌號碼 -836 號，模糊比對找到 1 筆符合的門牌地址。[新北市]	 { 模糊比對 } (龜山鄉)	找不到符合的[鄉鎮市區]，進行轉換搜尋[鄉變成鎮]，進行轉換搜尋[鎮變成市]，進行轉換搜尋[市變成區]，進行轉換搜尋[區變成市]，進行轉換搜尋[市變成鎮]，進行轉換搜尋[鎮變成鄉]，轉換搜尋找不到符合的[鄉鎮市區]，(萬壽路)	找到符合的[路街名]，(2段)	找不到符合的[路段]，(918號)	模糊比對找不到符合的門牌地址。[高雄市]	 { 模糊比對 } (龜山鄉)	找不到符合的[鄉鎮市區]，進行轉換搜尋[鄉變成鎮]，進行轉換搜尋[鎮變成市]，進行轉換搜尋[市變成區]，進行轉換搜尋[區變成市]，進行轉換搜尋[市變成鎮]，進行轉換搜尋[鎮變成鄉]，轉換搜尋找不到符合的[鄉鎮市區]，(萬壽路)	找到符合的[路街名]，(2段)	找不到符合的[路段]，(918號)	進行[雙號過濾]，進行[找小於且最接近的門牌號碼]，找到小於輸入的門牌號碼 -566 號，模糊比對找到 1 筆符合的門牌地址。[桃園市]	 { 模糊比對 } (龜山鄉)	找不到符合的[鄉鎮市區]，進行轉換搜尋[鄉變成鎮]，進行轉換搜尋[鎮變成市]，進行轉換搜尋[市變成區]，進行轉換搜尋[區變成市]，進行轉換搜尋[市變成鎮]，進行轉換搜尋[鎮變成鄉]，轉換搜尋找不到符合的[鄉鎮市區]，(萬壽路)	找到符合的[路街名]，(2段)	找到符合的[路段]，(918號)	找到符合的[門牌號碼]，模糊比對找到 1 筆符合的門牌地址。[彰化縣]	 { 模糊比對 } (龜山鄉)	找不到符合的[鄉鎮市區]，進行轉換搜尋[鄉變成鎮]，進行轉換搜尋[鎮變成市]，進行轉換搜尋[市變成區]，進行轉換搜尋[區變成市]，進行轉換搜尋[市變成鎮]，進行轉換搜尋[鎮變成鄉]，轉換搜尋找不到符合的[鄉鎮市區]，(萬壽路)	找到符合的[路街名]，(2段)	找不到符合的[路段]，(918號)	進行[雙號過濾]，進行[找小於且最接近的門牌號碼]，找到小於輸入的門牌號碼 -670 號，模糊比對找到 1 筆符合的門牌地址。[屏東縣]	 { 模糊比對 } (龜山鄉)	找不到符合的[鄉鎮市區]，進行轉換搜尋[鄉變成鎮]，進行轉換搜尋[鎮變成市]，進行轉換搜尋[市變成區]，進行轉換搜尋[區變成市]，進行轉換搜尋[市變成鎮]，進行轉換搜尋[鎮變成鄉]，轉換搜尋找不到符合的[鄉鎮市區]，(萬壽路)	找到符合的[路街名]，(2段)	找到符合的[路段]，(918號)	進行[雙號過濾]，進行[找小於且最接近的門牌號碼]，找到小於輸入的門牌號碼 -592 號，模糊比對找到 1 筆符合的門牌地址。( 限制回傳 1 筆門牌地址 )
310907.458,2652372.072,花蓮市中華路325號之7,花蓮縣花蓮市主力里20鄰中華路325之7號,[花蓮縣]	 { 完全比對 } 找到符合的門牌地址
275726.395,2762662.528,中壢市中華路一段408號,桃園市中壢區中原里8鄰中華路一段408號,[桃園市]	 { 模糊比對 } (中壢市)	找不到符合的[鄉鎮市區]，進行轉換搜尋[鄉變成鎮]，進行轉換搜尋[鎮變成市]，進行轉換搜尋[市變成區]，轉換搜尋找到符合的[鄉鎮市區]，(中華路)	找到符合的[路街名]，(1段)	找到符合的[路段]，(408號)	找到符合的[門牌號碼]，模糊比對找到 1 筆符合的門牌地址。
279317.903,2767860.628,桃園市桃園區寶慶路422號,桃園市桃園區瑞慶里4鄰寶慶路422號,[桃園市]	 { 完全比對 } 找到符合的門牌地址
,,台中市南屯區大墩11街783號,,查無符合門牌地址
182053.350,2500835.900,高雄市鳳山區新武里瑞隆東路266號,高雄市鳳山區新武里2鄰瑞隆東路266號,[高雄市]	 { 完全比對 } 找到符合的門牌地址
,,台中市西屯區台中港路二段64-11號二樓,,查無符合門牌地址
217389.067,2673152.107,台中市北區進化北路378之24號,臺中市北區賴福里1鄰進化北路378之24號,[臺中市]	 { 完全比對 } 找到符合的門牌地址
284230.810,2765036.550,桃園市龜山區新路里自強南路82號,桃園市龜山區新路里15鄰自強南路82號,[桃園市]	 { 完全比對 } 找到符合的門牌地址
305848.172,2766019.538,台北市文山區興隆路2段224之4號1樓,臺北市文山區興業里6鄰興隆路二段224之4號,[臺北市]	 { 完全比對 } 找到符合的門牌地址
217026.370,2666629.500,大里區永隆一街261號,臺中市大里區新里里17鄰永隆一街261號,[臺中市]	 { 完全比對 } 找到符合的門牌地址
298663.590,2765369.752,新北市中和區連城路358號1樓,新北市中和區文元里15鄰連城路358號,[新北市]	 { 完全比對 } 找到符合的門牌地址
310669.602,2653455.695,花蓮縣吉安鄉建國路1段9號,花蓮縣吉安鄉北昌村1鄰建國路一段9號,[花蓮縣]	 { 完全比對 } 找到符合的門牌地址
294520.624,2785203.435,新北市淡水區中山北路一段一九十號,新北市淡水區水碓里2鄰中山北路一段2之1號,[新北市]	 { 模糊比對 } (淡水區)	找到符合的[鄉鎮市區]，(中山北路)	找到符合的[路街名]，(1段)	找到符合的[路段]，(一九十號)	進行[找最小門牌的號之、之號]，模糊比對找到 124 筆符合的門牌地址。( 限制回傳 1 筆門牌地址 )
179186.310,2578022.870,台南市新營區復興路156號,臺南市新營區民生里10鄰復興路156號,[臺南市]	 { 完全比對 } 找到符合的門牌地址
217526.694,2674222.610,台中市北屯區文心路四段三二五號,臺中市北屯區平和里16鄰文心路四段323號,[臺中市]	 { 模糊比對 } (北屯區)	找到符合的[鄉鎮市區]，(文心路)	找到符合的[路街名]，(4段)	找到符合的[路段]，(325號)	進行[單號過濾]，進行[找大於且最接近的門牌號碼]，找到大於輸入的門牌號碼 +2 號，進行[找小於且最接近的門牌號碼]，找到小於輸入的門牌號碼 -2 號，模糊比對找到 2 筆符合的門牌地址。( 限制回傳 1 筆門牌地址 )
296546.568,2781035.212,淡水區民族路29巷40號1-2樓,新北市淡水區竹圍里3鄰民族路29巷40號,[新北市]	 { 完全比對 } 找到符合的門牌地址
334128.401,2729163.058,宜蘭縣五結鄉成興村利寶路60號,宜蘭縣五結鄉成興村21鄰利寶路60號,[宜蘭縣]	 { 完全比對 } 找到符合的門牌地址