"name","陳仁傑","gender","男","age",23,"occationup","學生"
"name","李韋志","gender","男","age",31,"occationup","上班族"
"name","蔡雅雯","gender","女","age",50,"occationup","老師"
"name","楊可維","gender","女","age",25,"occationup","學生"
"name","謝姿穎","gender","女","age",32,"occationup","保母"
"name","Agatha","gender","女","age",18,"occationup","學生"
"name","Bonnie","gender","女","age",21,"occationup","學生"
"name","Claire","gender","女","age",36,"occationup","上班族"
"name","Dempsey","gender","男","age",56,"occationup","上班族"
"name","Eugene","gender","男","age",27,"occationup","老師"
